Year,Mkt-RF,SMB,HML,RMW,CMA,RF
196307,-0.39,-0.46,-0.81,0.72,-1.16,0.27
196308,5.07,-0.81,1.65,0.42,-0.4,0.25
196309,-1.57,-0.48,0.19,-0.8,0.23,0.27
196310,2.53,-1.29,-0.09,2.75,-2.26,0.29
196311,-0.85,-0.85,1.71,-0.34,2.22,0.27
196312,1.83,-1.87,-0.1,0.18,-0.31,0.29
196401,2.24,0.09,1.61,0.21,1.51,0.3
196402,1.54,0.3,2.82,0.04,0.87,0.26
196403,1.41,1.42,3.34,-2,2.95,0.31
196404,0.1,-1.5,-0.53,-1.4,-1.1,0.29
196405,1.42,-0.68,1.96,-0.28,0.24,0.26
196406,1.27,0.08,0.68,-0.36,0.13,0.3
196407,1.74,0.47,0.7,0.02,1.91,0.3
196408,-1.44,0.31,0.09,-0.09,0.35,0.28
196409,2.69,-0.31,1.64,-0.36,0.59,0.28
196410,0.59,0.91,1.15,-0.18,0.45,0.29
196411,0,-0.27,-1.99,0.62,-0.17,0.29
196412,0.03,-0.56,-2.55,1.27,-1.65,0.31
196501,3.54,2.48,0.19,0.75,0.15,0.28
196502,0.44,3.3,0.19,0.26,-0.67,0.3
196503,-1.34,2.01,1.07,-0.33,0.74,0.36
196504,3.11,1.19,0.7,0.34,-2.3,0.31
196505,-0.77,0.04,-1.61,-0.46,0.74,0.31
196506,-5.51,-4.31,0.58,0.13,0.44,0.35
196507,1.43,1.05,2.17,-1.43,0,0.31
196508,2.73,2.74,-1.04,1.9,-0.72,0.33
196509,2.86,0.62,-0.14,-1.07,0.84,0.31
196510,2.6,3.43,1.5,1.24,-0.73,0.31
196511,-0.03,5.21,0.2,-1.08,-0.89,0.35
196512,1.01,2.67,1.99,-1.12,-0.5,0.33
196601,0.72,4.67,3.54,-2.9,-0.06,0.38
196602,-1.21,4.79,0.39,0.1,-1.45,0.35
196603,-2.51,0.24,-2.03,1.27,-0.04,0.38
196604,2.14,3.36,-0.5,0.4,-0.92,0.34
196605,-5.66,-5.16,-1.61,1.76,-1.5,0.41
196606,-1.44,1.37,0.51,-0.04,0.77,0.38
196607,-1.63,-0.44,0.93,-0.5,1.72,0.35
196608,-7.91,-3.07,0.59,0.27,0.88,0.41
196609,-1.06,-1.13,0.54,-1.17,2.47,0.4
196610,3.86,-6.49,2.9,-3.54,4.26,0.45
196611,1.4,3.47,-4.64,4.17,-6.63,0.4
196612,0.13,1.98,-1.34,0.86,-0.22,0.4
196701,8.15,9.1,1.9,0.58,-3.17,0.43
196702,0.78,3.06,-2.23,2.15,-0.98,0.36
196703,3.99,1.99,0.18,0.63,-1.58,0.39
196704,3.89,0.45,-2.61,2.56,-3.7,0.32
196705,-4.33,2.35,0.83,-1.85,1.65,0.33
196706,2.41,6.49,0.88,-0.64,-2.4,0.27
196707,4.58,3.22,2.65,-1.57,2.75,0.31
196708,-0.89,0.75,1.46,0.51,1.4,0.31
196709,3.11,2.41,-2.47,-0.02,-1,0.32
196710,-3.09,0.48,-3.39,0.89,-2.58,0.39
196711,0.37,-0.01,-1.71,1.3,-2.29,0.36
196712,3.05,5.72,-0.39,-1.03,0.08,0.33
196801,-4.06,4.55,4.75,-3.88,6.42,0.4
196802,-3.75,-2.91,1.17,-0.11,2.49,0.39
196803,0.2,-1.54,-0.59,1.04,-1.16,0.38
196804,9.05,6.19,-1.03,2.04,-3.69,0.43
196805,2.28,6.95,0.84,-0.22,-1.85,0.45
196806,0.69,-0.26,0.67,-0.99,2.73,0.43
196807,-2.72,-1.35,5.48,-3.17,3.59,0.48
196808,1.34,2.29,1,-0.56,0.42,0.42
196809,4.03,2.76,0.24,-2.19,0.89,0.43
196810,0.42,-0.44,2.89,-1.36,2.79,0.44
196811,5.43,2.42,-0.9,0.5,-2.5,0.42
196812,-3.94,3.59,0.02,-1.76,1.66,0.43
196901,-1.25,-0.47,1.69,-1.53,1.38,0.53
196902,-5.84,-4.12,0.9,2.11,0.79,0.46
196903,2.64,-0.4,-0.46,-1.39,-0.41,0.46
196904,1.46,-0.82,0.03,0.33,0.08,0.53
196905,-0.1,-0.18,0.73,-1.03,1.51,0.48
196906,-7.18,-5.47,-1.09,4.22,-1.53,0.51
196907,-7,-3.37,1.42,1.3,1.97,0.53
196908,4.68,0.71,-3.87,1.25,-4.08,0.5
196909,-2.98,1.29,-3.19,3.28,-0.83,0.62
196910,5.06,3.89,-3.19,-0.15,-2.03,0.6
196911,-3.79,-2.41,-1.12,1.29,0.32,0.52
196912,-2.63,-3.7,-3.02,2.09,-2.04,0.64
197001,-8.1,3.07,3.04,-2,3.92,0.6
197002,5.13,-2.59,4.04,-2.19,3.06,0.62
197003,-1.06,-2.42,4.25,-1.02,4.43,0.57
197004,-11,-6.3,6.39,-1.01,5.88,0.5
197005,-6.92,-4.41,3.6,-1.42,3.62,0.53
197006,-5.79,-2.19,0.87,-0.06,2.9,0.58
197007,6.93,-0.68,0.96,-0.1,1.9,0.52
197008,4.49,1.54,1.03,0.67,-0.15,0.53
197009,4.18,8.5,-5.58,0.42,-5.93,0.54
197010,-2.28,-4.5,0.27,1.86,2.38,0.46
197011,4.59,-4,1.63,1.7,1.59,0.46
197012,5.72,3.01,1.01,0.11,0.28,0.42
197101,4.84,7.56,1.38,-2.05,-0.14,0.38
197102,1.41,2.05,-1.29,0.56,-0.72,0.33
197103,4.13,2.16,-4.04,2.02,-2.69,0.3
197104,3.15,-0.37,0.72,-1.43,0.72,0.28
197105,-3.98,-1.17,-1.38,1.31,0.3,0.29
197106,-0.1,-1.46,-2.06,1.49,-1.74,0.37
197107,-4.5,-1.4,0.17,0.52,1.62,0.4
197108,3.79,-0.17,2.67,-0.34,2.6,0.47
197109,-0.85,0.21,-2.96,2.55,-1.56,0.37
197110,-4.42,-1.65,-0.43,1.32,-1.24,0.37
197111,-0.46,-2.91,-1.7,2.21,-0.36,0.37
197112,8.71,3.26,-0.35,-0.4,-1.83,0.37
197201,2.49,6.32,1.99,-1.8,0.29,0.29
197202,2.87,0.97,-2.76,1.97,-0.52,0.25
197203,0.63,-0.48,-1.73,1.5,-0.19,0.27
197204,0.29,0.15,0.23,-0.46,-0.89,0.29
197205,1.25,-3.15,-2.69,2.39,-1.85,0.3
197206,-2.43,-0.35,-2.51,1.73,-0.36,0.29
197207,-0.8,-2.74,0.78,1.02,-0.59,0.31
197208,3.26,-3.54,4.69,-2.18,2.95,0.29
197209,-1.14,-2.25,0.47,1.65,-1.98,0.34
197210,0.52,-2.53,1.37,-0.08,-0.05,0.4
197211,4.6,-0.53,4.76,-2,3.35,0.37
197212,0.62,-1.82,-2.27,2.41,-2.2,0.37
197301,-3.29,-2.79,2.68,0.48,0.92,0.44
197302,-4.85,-4.02,1.7,-0.53,-0.01,0.41
197303,-1.29,-2.32,2.78,-0.97,0.73,0.46
197304,-5.68,-3.01,5.69,-1.77,2.71,0.52
197305,-2.94,-5.99,0.21,1.9,-1.79,0.51
197306,-1.56,-2.55,1.44,-0.34,0.22,0.51
197307,5.04,7.27,-5.22,-0.01,-3.43,0.64
197308,-3.84,-1.77,1.21,-1.46,1.24,0.7
197309,4.75,3.53,2.14,-2.26,1.86,0.68
197310,-0.86,-0.2,1.73,-1.93,2.66,0.65
197311,-12.74,-7.28,3.99,-2.77,1.52,0.56
197312,0.58,-4.62,4.21,-3,2.38,0.64
197401,-0.17,10.51,5.87,-2.98,4.39,0.63
197402,-0.48,0.16,2.54,-1.96,2.68,0.58
197403,-2.81,2.61,-0.12,2.96,0.38,0.56
197404,-5.29,-0.61,1.01,2.8,1.8,0.75
197405,-4.67,-3.21,-2.07,5.04,-0.1,0.75
197406,-2.83,0,0.76,0.66,3.11,0.6
197407,-8.05,2,5.14,-3.24,4.58,0.7
197408,-9.35,0.31,2.52,-0.12,2.55,0.6
197409,-11.77,1.45,5.51,-4.4,5.91,0.81
197410,16.1,-6.84,-10.01,0.02,-2.93,0.51
197411,-4.51,-1.45,-0.15,-3.39,2.95,0.54
197412,-3.45,-4.37,0,-0.59,3.23,0.7
197501,13.66,12.8,8.44,-0.95,-0.87,0.58
197502,5.56,-0.66,-4.58,1.06,-2.14,0.43
197503,2.66,4,2.45,1.34,-1.24,0.41
197504,4.23,-0.58,-1.12,1.48,-1.35,0.44
197505,5.19,2.9,-4.03,-0.99,-0.61,0.44
197506,4.83,1.31,1.32,-2.9,1.07,0.41
197507,-6.59,3.41,1.7,0.44,1.19,0.48
197508,-2.85,-2.8,-0.9,1.06,-0.89,0.48
197509,-4.26,0.02,0.34,0.68,0.5,0.53
197510,5.31,-4.23,0.3,-0.4,2.27,0.56
197511,2.65,-1.06,1.99,-0.56,1.71,0.41
197512,-1.6,-0.04,1.76,-0.12,0.6,0.48
197601,12.16,6.34,8.58,-1.88,2.36,0.47
197602,0.32,7.97,5.78,-2.66,3.84,0.34
197603,2.33,-1.33,-0.04,-0.47,1.09,0.4
197604,-1.49,0.14,-0.06,0.41,-1.1,0.42
197605,-1.34,-1.12,-1.32,2.52,-1.42,0.37
197606,4.05,-1.13,0.68,-0.53,0.93,0.43
197607,-1.07,0.62,1.74,-1.11,0.29,0.47
197608,-0.56,-2.03,0.79,-0.44,-0.59,0.42
197609,2.06,0.13,-0.29,0.99,-1.14,0.44
197610,-2.42,0.15,-0.13,-0.23,-0.32,0.41
197611,0.36,2.67,1.51,-1.2,0.08,0.4
197612,5.65,3.62,2.22,-0.44,2.23,0.4
197701,-4.05,5.9,4.26,-0.46,1.93,0.36
197702,-1.95,1.11,0.5,-0.16,-0.19,0.35
197703,-1.37,1.29,1.02,-0.38,-0.09,0.38
197704,0.15,0.59,3.45,-2.01,1.16,0.38
197705,-1.46,1.28,0.84,0.38,0.11,0.37
197706,4.71,2.08,-0.64,0.95,-1.22,0.4
197707,-1.69,1.8,-0.58,0.58,0.02,0.42
197708,-1.75,0.9,-2.81,1.08,-0.61,0.44
197709,-0.27,1.54,-0.48,1.13,-0.84,0.43
197710,-4.38,1.5,1.71,-0.26,-0.45,0.49
197711,4,3.61,0.32,-0.14,0.66,0.5
197712,0.27,1.61,-0.35,1.03,-0.65,0.49
197801,-6.01,2.68,3.32,-1.72,1.53,0.49
197802,-1.38,3.65,0.78,0.2,1.04,0.46
197803,2.85,3.73,1.22,-0.46,1.88,0.53
197804,7.88,-0.32,-3.53,2.64,-1.34,0.54
197805,1.76,4.59,-0.63,0.45,0.35,0.51
197806,-1.69,1.59,0.57,-1.4,-0.02,0.54
197807,5.11,0.16,-1.12,1.52,-0.78,0.56
197808,3.75,4.95,-0.47,1.52,0.41,0.56
197809,-1.43,-0.29,1.87,-0.77,1.8,0.62
197810,-11.91,-10.07,1.36,0.13,1.03,0.68
197811,2.71,2.86,-2.22,1.21,-1.22,0.7
197812,0.88,1.09,-2.2,2.01,-1.38,0.78
197901,4.23,3.86,2.25,-2.49,1.56,0.77
197902,-3.56,0.54,1.18,-1.14,1.02,0.73
197903,5.68,3.17,-0.67,0.68,0.28,0.81
197904,-0.06,2.39,1.07,1.19,0.22,0.8
197905,-2.21,0.47,1.92,-0.86,-0.82,0.82
197906,3.85,0.99,1.47,-1.7,-0.46,0.81
197907,0.82,1.24,1.7,-0.18,0.59,0.77
197908,5.53,1.94,-1.54,1.5,-1.45,0.77
197909,-0.82,-0.29,-0.87,0.83,0.55,0.83
197910,-8.1,-3.47,-1.85,1.02,0.24,0.87
197911,5.21,2.43,-3.26,0.18,-1.99,0.99
197912,1.79,4.33,-2,-0.6,-1.01,0.95
198001,5.51,1.88,1.82,-1.84,2,0.8
198002,-1.22,-1.62,0.62,-1.05,3.03,0.89
198003,-12.9,-6.94,-1.06,1.74,-1.34,1.21
198004,3.97,0.99,1.05,-2.01,0.54,1.26
198005,5.26,2.11,0.39,0.41,-0.48,0.81
198006,3.06,1.48,-0.86,-0.09,-0.94,0.61
198007,6.49,3.95,-6.3,3.94,-2.46,0.53
198008,1.8,4.26,-2.64,2.06,-0.8,0.64
198009,2.19,0.58,-4.79,1.87,-2.82,0.75
198010,1.06,2.35,-2.74,1.41,-1.21,0.95
198011,9.59,-3.4,-8.35,4.21,-5.74,0.96
198012,-4.52,-0.32,2.68,-1.17,1.19,1.31
198101,-5.04,3.37,6.84,-3.44,4.35,1.04
198102,0.56,-0.48,0.97,0.13,2.26,1.07
198103,3.56,3.06,0.67,-2.16,-0.53,1.21
198104,-2.1,4.6,2.26,0.92,1.21,1.08
198105,0.11,2.45,-0.43,0.31,-1.6,1.15
198106,-2.36,-0.97,5.13,-1.41,2.68,1.35
198107,-1.54,-1.99,-0.65,1.06,-3.04,1.24
198108,-7.03,-1.82,4.83,-0.21,1.46,1.28
198109,-7.17,-2.51,5.19,-0.07,2.79,1.24
198110,4.92,2.25,-4.22,3.35,-2.76,1.21
198111,3.36,-1.37,1.9,0.16,0.63,1.07
198112,-3.65,1.19,0.74,0.3,2.41,0.87
198201,-3.24,-1.19,3.14,-1.61,2.08,0.8
198202,-5.86,0.35,6.08,-3.44,4.57,0.92
198203,-1.87,-0.01,3.78,-1.47,2.37,0.98
198204,3.27,1.17,-2.8,1.62,-0.15,1.13
198205,-3.99,0.55,1.82,0.76,-0.09,1.06
198206,-3.09,-0.53,1.52,-0.11,2.72,0.96
198207,-3.19,0.95,0.16,1.11,1.54,1.05
198208,11.14,-4.29,1.16,-1.9,0.18,0.76
198209,1.29,2.58,0.34,2.13,-0.04,0.51
198210,11.3,1.91,-3.68,0.47,-0.37,0.59
198211,4.67,4.5,-1.96,-0.74,0.32,0.63
198212,0.55,0,0.01,-0.14,1.03,0.67
198301,3.6,3.28,-0.86,-1.41,-0.46,0.69
198302,2.59,2.91,0.67,-0.65,1.02,0.62
198303,2.82,1.42,2.07,-0.01,2.82,0.63
198304,6.67,0.48,0.6,-0.19,1.59,0.71
198305,0.52,6.22,-1.4,-1.89,-1.53,0.69
198306,3.07,1.16,-3.86,2.28,-0.91,0.67
198307,-4.07,0.97,5.62,-0.11,2.84,0.74
198308,-0.5,-4.32,5.54,0.51,1.94,0.76
198309,0.92,0.24,1.1,1.15,0.6,0.76
198310,-3.44,-3.82,5.06,-0.73,2.96,0.76
198311,2.16,1.88,-0.61,-0.6,0.65,0.7
198312,-1.78,-0.48,1.68,1.48,1.22,0.73
198401,-1.92,-0.07,7.62,-1,3,0.76
198402,-4.82,-1.61,3.35,0.85,1.55,0.71
198403,0.63,-0.29,0.49,-0.89,1.09,0.73
198404,-0.52,-1.02,1.29,3.29,0.75,0.81
198405,-5.97,0.12,0.24,2.29,-0.5,0.78
198406,1.82,0.08,-2.61,3.06,-1.5,0.75
198407,-2.74,-2.23,0.49,3.71,-2.17,0.82
198408,10.28,-0.31,-1.84,-0.87,-0.83,0.83
198409,-0.8,0,5.32,1.47,2.53,0.86
198410,-0.84,-1.44,0.5,1.25,-1.16,1
198411,-1.76,-0.99,4.08,0.89,2.08,0.73
198412,1.84,-0.69,-0.17,1.23,-1.27,0.64
198501,7.99,3.5,-5.43,-0.89,-3.35,0.65
198502,1.22,0.99,-0.12,1.38,1.04,0.58
198503,-0.84,-1.5,4.1,1.23,2.93,0.62
198504,-0.96,-0.1,3.73,1.54,0.72,0.72
198505,5.09,-2.34,-0.87,1.31,-1.39,0.66
198506,1.27,0.39,0.56,1.62,-0.59,0.55
198507,-0.74,2.9,-1.63,-0.55,-0.3,0.62
198508,-1.02,-0.32,2.28,0.05,1.89,0.55
198509,-4.54,-1.82,1.32,1.2,1.61,0.6
198510,4.02,-1.55,0.78,0.77,-1.11,0.65
198511,6.48,0,-2.87,0.35,-2.33,0.61
198512,3.88,-0.4,-1.53,0.85,-1.81,0.65
198601,0.65,1.01,0.53,-1.99,-2.05,0.56
198602,7.13,-0.75,-0.94,1.1,-1.39,0.53
198603,4.88,-0.56,-0.44,1.31,0.98,0.6
198604,-1.31,2.93,-2.85,2.99,0.03,0.52
198605,4.62,-1.26,-0.11,2.05,1.11,0.49
198606,1.03,-0.87,1.4,1.78,0.88,0.52
198607,-6.45,-3.56,4.78,-0.75,0.61,0.52
198608,6.07,-4.35,3.52,-1.6,3.24,0.46
198609,-8.6,1.96,3.19,-0.11,3.62,0.45
198610,4.66,-2.33,-1.32,0.18,0.89,0.46
198611,1.17,-1.88,-0.06,1.1,0.61,0.39
198612,-3.27,0.08,0.37,0.99,-0.03,0.49
198701,12.47,-1.51,-3.18,0.24,-1.08,0.42
198702,4.39,3.41,-5.99,-0.78,-2.76,0.43
198703,1.64,0.21,1.65,1.3,4.04,0.47
198704,-2.11,-1.55,-0.33,-0.47,1.22,0.44
198705,0.11,-0.58,0.13,0.66,1.32,0.38
198706,3.94,-2.29,1.07,1.8,0.83,0.48
198707,3.85,-1.09,0.73,-0.39,1.6,0.46
198708,3.52,-0.9,-0.95,1.96,-1.63,0.47
198709,-2.59,0.38,0.29,-0.97,1.86,0.45
198710,-23.24,-8.13,4.2,1.73,2.3,0.6
198711,-7.77,2.85,3.09,-2.06,0.69,0.35
198712,6.81,0.07,-4.46,3.03,-2.44,0.39
198801,4.21,-0.55,5.16,-1.08,2.13,0.29
198802,4.75,3.33,-1.64,1.88,-0.07,0.46
198803,-2.27,6.25,0.75,-0.28,1.86,0.44
198804,0.56,1.12,1.68,-0.2,1.89,0.46
198805,-0.29,-2.6,2.28,-0.76,0.34,0.51
198806,4.79,2.2,-1.1,1.49,-3.32,0.49
198807,-1.25,-0.17,2.27,-0.65,1.47,0.51
198808,-3.31,-0.01,2.03,-0.74,1.76,0.59
198809,3.3,-1.3,-0.68,1.73,-0.48,0.62
198810,1.15,-2.95,1.71,1.43,1.05,0.61
198811,-2.29,-1.67,1.24,-0.32,1.58,0.57
198812,1.49,2,-1.56,0.67,-0.37,0.63
198901,6.1,-2.22,0.51,-0.91,0.17,0.55
198902,-2.25,2.66,0.88,-0.76,1.87,0.61
198903,1.57,0.75,0.47,0,0.75,0.67
198904,4.33,-0.69,-1.46,0.76,-0.52,0.67
198905,3.35,0,-0.83,0.43,-0.02,0.79
198906,-1.35,-1.09,2.19,0.13,1.5,0.71
198907,7.2,-4.06,-2.83,1.91,-0.63,0.7
198908,1.44,0.44,0.72,0.47,-0.5,0.74
198909,-0.76,0.46,-1.34,1.21,0.59,0.65
198910,-3.67,-3.32,-1.03,0.07,0.03,0.68
198911,1.03,-1.32,-1.12,-1,1.47,0.69
198912,1.16,-2.31,0.28,-0.16,1.44,0.61
199001,-7.85,-1.37,0.87,-1.39,1.32,0.57
199002,1.11,1.17,0.61,-0.2,-0.64,0.57
199003,1.83,1.63,-2.9,2.13,-1.03,0.64
199004,-3.36,-0.42,-2.55,1.59,-0.98,0.69
199005,8.42,-2.38,-3.74,1.78,-1.57,0.68
199006,-1.09,1.37,-1.94,-1.22,-0.34,0.63
199007,-1.9,-3.29,-0.02,-0.44,3.09,0.68
199008,-10.15,-3.88,1.59,-0.45,2.99,0.66
199009,-6.12,-3.77,0.73,0.01,3.71,0.6
199010,-1.92,-5.1,0.25,2.92,-0.47,0.68
199011,6.35,-0.05,-3.16,0.81,-4.74,0.57
199012,2.46,0.65,-1.56,2.91,-2.03,0.6
199101,4.69,3.89,-1.85,1.47,-4.09,0.52
199102,7.19,3.93,-0.53,-0.3,-0.15,0.48
199103,2.65,3.84,-1.24,-0.36,-1,0.44
199104,-0.28,0.35,1.41,0.64,0.7,0.53
199105,3.65,0.17,-0.57,2.17,-2.45,0.47
199106,-4.94,0.15,1.22,1.59,0.63,0.42
199107,4.24,-0.95,-1.26,1.45,-1.41,0.49
199108,2.32,1.48,-0.79,0.93,-0.56,0.46
199109,-1.59,1.55,-1,-1.79,0.16,0.46
199110,1.29,0.9,-0.44,-1.9,-0.3,0.42
199111,-4.19,-0.88,-1.93,0.91,0.12,0.39
199112,10.84,-2.39,-4.04,3.82,-3.13,0.38
199201,-0.59,9.25,4.53,-1.34,3.17,0.34
199202,1.09,1.38,6.37,0.28,2.04,0.28
199203,-2.66,-0.91,3.65,-0.13,1.94,0.34
199204,1.07,-5.73,4.3,1.74,2.21,0.32
199205,0.3,0.21,1.27,-1.02,0.42,0.28
199206,-2.34,-2.71,3.41,-0.06,1.07,0.32
199207,3.77,-0.65,-0.53,1.27,-0.71,0.31
199208,-2.38,-0.41,-1.04,3.79,-1.6,0.26
199209,1.19,0.5,-0.21,1.67,-0.5,0.26
199210,1.02,2.03,-2.1,1.35,-0.81,0.23
199211,4.13,3.93,-1.48,-0.79,-1.92,0.23
199212,1.53,1.64,2.52,-0.53,0.75,0.28
199301,0.93,2.1,5.87,-1.63,2.78,0.23
199302,0.12,-3.45,6.42,-0.4,4.05,0.22
199303,2.3,0.04,1.22,-0.34,0.92,0.25
199304,-3.05,-0.88,2.61,-3.57,1.52,0.24
199305,2.89,1.9,-3.41,-0.05,-1.17,0.22
199306,0.31,0.12,2.61,-0.87,1.1,0.25
199307,-0.34,0.9,3.24,-2.14,2.02,0.24
199308,3.71,0.26,-0.45,-1.1,-0.03,0.25
199309,-0.12,3.06,-0.45,0.69,-0.09,0.26
199310,1.41,1.6,-1.54,-0.06,0.6,0.22
199311,-1.89,-1.42,-0.27,1.73,-0.96,0.25
199312,1.65,1.37,0.57,0.79,-0.3,0.23
199401,2.87,-0.15,2.09,-2.31,1.47,0.25
199402,-2.55,2.65,-1.44,2.52,-1.05,0.21
199403,-4.78,-1.03,1.31,0.61,1.25,0.27
199404,0.68,-1.06,1.68,0.89,1.12,0.27
199405,0.58,-2.45,0.2,0.89,0.72,0.31
199406,-3.03,-0.52,1.68,1.08,1.49,0.31
199407,2.82,-1.83,0.6,-0.88,0.13,0.28
199408,4.01,1.24,-2.83,0.51,-1.43,0.37
199409,-2.31,2.65,-1.91,0.46,0.96,0.37
199410,1.34,-2.34,-1.75,0.3,-0.62,0.38
199411,-4.04,0.12,-0.95,0.78,-0.45,0.37
199412,0.86,-0.03,0.53,0.3,0.32,0.44
199501,1.8,-2.73,0.82,0.86,-0.84,0.42
199502,3.63,-0.57,1.05,0.57,-0.32,0.4
199503,2.19,-0.77,-1.07,-0.66,0.18,0.46
199504,2.11,-0.44,2.25,-0.61,1.02,0.44
199505,2.9,-2.04,1.69,0.72,0.09,0.54
199506,2.72,2.95,-2.27,-0.59,-2.43,0.47
199507,3.72,2.12,-1.69,0.64,-1.69,0.45
199508,0.55,1.83,2.71,-1.34,1.63,0.47
199509,3.35,-1.9,-0.77,1.24,0.36,0.43
199510,-1.52,-4.08,-0.75,1.92,-0.06,0.47
199511,3.96,-1.17,0.94,-0.81,1.19,0.42
199512,1.03,0.7,0.85,-1.04,2.97,0.49
199601,2.26,-2.52,0.32,-0.21,2.26,0.43
199602,1.33,1.79,-1.43,0.24,-1.79,0.39
199603,0.73,1.52,0.99,1.17,-0.96,0.39
199604,2.06,4.63,-3.9,0.09,-2.18,0.46
199605,2.36,3.12,-1.21,0.23,-0.21,0.42
199606,-1.14,-3.47,1.55,3.43,1.09,0.4
199607,-5.97,-3.61,4.45,3.23,2.6,0.45
199608,2.77,2.52,-0.46,-0.47,-2.43,0.41
199609,5.01,-1.33,-3.15,1.35,-2.18,0.44
199610,0.86,-3.87,5.12,1.38,2.97,0.42
199611,6.25,-3.8,1.16,1.7,-0.73,0.41
199612,-1.7,3.19,0.9,0.37,1.51,0.46
199701,4.98,-1.82,-1.64,1.03,-0.27,0.45
199702,-0.49,-2.55,5.19,0.53,3.4,0.39
199703,-5.02,-0.43,3.81,0.83,1.67,0.43
199704,4.04,-5.75,-0.07,2.93,-0.91,0.43
199705,6.74,4.63,-3.87,-1.12,-2.9,0.49
199706,4.1,1.23,1.23,0.59,0.54,0.37
199707,7.33,-2.85,0.84,-0.41,-2.54,0.43
199708,-4.15,7.67,1.38,-0.91,-0.03,0.41
199709,5.35,2.55,0.02,-1.39,-0.91,0.44
199710,-3.8,-0.49,1.96,1.21,1.89,0.42
199711,2.98,-5.02,0.78,3.21,1.66,0.39
199712,1.32,-2,3.46,1.32,1.91,0.48
199801,0.15,-1.4,-1.45,0.55,-0.83,0.43
199802,7.04,-0.05,-0.13,-0.98,-2.42,0.39
199803,4.76,-0.61,1.06,-0.65,-0.48,0.39
199804,0.73,-0.02,0.74,-2.19,-0.23,0.43
199805,-3.07,-3.11,4.16,0.9,2.54,0.4
199806,3.18,-3.66,-2.32,-0.21,-2.91,0.41
199807,-2.46,-5.28,-0.97,2.04,0.44,0.4
199808,-16.08,-5.04,3.4,3.21,5.84,0.43
199809,6.15,-0.88,-3.31,-2,-2.9,0.46
199810,7.13,-3.51,-2.2,0.71,0.27,0.32
199811,6.1,0.66,-3.14,-1.01,-1.14,0.31
199812,6.16,-1.54,-4.46,-0.94,-3.35,0.38
199901,3.5,-0.76,-4.03,-2.67,-6.88,0.35
199902,-4.08,-5.08,1.4,-1.16,4.09,0.35
199903,3.45,-4.32,-2.64,-4.28,-1.38,0.43
199904,4.33,4.63,2.51,-2.62,0.93,0.37
199905,-2.46,3.72,2.4,1,3.34,0.34
199906,4.77,2.28,-3.59,1.41,-3.39,0.4
199907,-3.47,2.51,-0.77,0.45,3.09,0.38
199908,-1.38,-1.93,-1.31,-0.26,0.32,0.39
199909,-2.81,2.57,-3.39,-0.8,-1.04,0.39
199910,6.13,-7.12,-2.88,-1.96,-1.27,0.39
199911,3.37,5.87,-6.5,-4.29,-1.56,0.36
199912,7.72,5.52,-8.67,-7.72,-5.15,0.44
200001,-4.74,4.18,-0.31,-5.57,4.68,0.41
200002,2.45,18.27,-9.94,-18.72,-0.52,0.43
200003,5.2,-14.85,7.37,12.11,-1.05,0.47
200004,-6.4,-5.6,8.6,7.29,5.24,0.46
200005,-4.42,-3.68,2.56,4.63,0.73,0.5
200006,4.64,10.31,-9.86,-7.58,-3.06,0.4
200007,-2.51,-0.93,8.14,6.27,3,0.48
200008,7.03,-1.11,-0.68,-3.14,0.61,0.5
200009,-5.45,0.23,6.24,3.22,6.38,0.51
200010,-2.76,-2.76,5.52,9.8,4.7,0.56
200011,-10.72,-0.39,11.3,13.51,8.51,0.51
200012,1.19,3.17,7.33,1.96,5.71,0.5
200101,3.13,5.73,-4.9,-4.91,-6.54,0.54
200102,-10.05,2.73,12.9,9.49,9.58,0.38
200103,-7.26,2.35,6.45,3.47,3.95,0.42
200104,7.94,-0.68,-4.69,-2.98,-3.97,0.39
200105,0.72,3.6,3.14,0.28,2.19,0.32
200106,-1.94,6.59,-1.06,1.64,-1.8,0.28
200107,-2.13,-2.84,5.58,7.45,3,0.3
200108,-6.46,2.73,2.5,3.86,6.5,0.31
200109,-9.25,-5.58,1.6,5.44,3.28,0.28
200110,2.46,5.37,-8.11,-2.95,-4.6,0.22
200111,7.54,-0.36,2,-3.93,-1.66,0.17
200112,1.61,5.12,1.1,0.42,-0.32,0.15
200201,-1.44,1.2,3.33,4.29,2.84,0.14
200202,-2.29,-0.42,2.5,7.78,5.14,0.13
200203,4.24,4.22,1.1,-1.6,0.58,0.13
200204,-5.2,6.62,3.93,4.28,5.39,0.15
200205,-1.38,-3.04,1.69,2.26,2.41,0.14
200206,-7.21,3.8,0.13,3.93,2.54,0.13
200207,-8.18,-6.23,-3.41,3.98,-0.73,0.15
200208,0.5,-1.23,2.49,1.47,-1.61,0.14
200209,-10.35,3.08,1.31,3.22,-2.29,0.14
200210,7.84,-4.12,-5.46,-3.14,0.92,0.14
200211,5.96,2.83,-1.15,-9.5,5.16,0.12
200212,-5.76,0.54,2.25,6.2,-1.61,0.11
200301,-2.57,0.83,-0.93,-0.61,0.81,0.1
200302,-1.88,-0.89,-1.45,1.11,-0.54,0.09
200303,1.09,0.58,-2.09,1.99,-0.69,0.1
200304,8.22,1.03,1.03,-4.66,1.14,0.1
200305,6.05,4.79,-0.3,-7.11,3.22,0.09
200306,1.42,1.68,0.66,0.54,-0.32,0.1
200307,2.35,4.71,-1.15,-4.07,1.89,0.07
200308,2.34,2.53,2.03,-2.39,2.19,0.07
200309,-1.24,0.51,0.02,1.16,0.28,0.08
200310,6.08,2.63,1.75,-1.55,1.58,0.07
200311,1.35,2.19,1.86,-0.18,1.69,0.07
200312,4.29,-2.7,2.42,-0.04,1,0.08
200401,2.15,2.56,1.98,-3.59,3.34,0.07
200402,1.4,-0.89,0.49,2.54,-1.35,0.06
200403,-1.32,2.1,0.21,1.59,-1.04,0.09
200404,-1.83,-2.18,-2.62,3.13,-2.82,0.08
200405,1.17,-0.41,-0.39,-1.08,-0.09,0.06
200406,1.86,2.55,1.38,1.02,-0.39,0.08
200407,-4.06,-2.99,4.11,5.28,-1.63,0.1
200408,0.08,-1.28,1.03,1.3,-1.41,0.11
200409,1.6,3.3,-0.25,-1.26,-1.88,0.11
200410,1.43,0.29,-0.62,-0.08,0.41,0.11
200411,4.54,4.13,1.8,-1.09,-0.23,0.15
200412,3.43,0.01,-0.06,-1.34,0.5,0.16
200501,-2.76,-1.11,1.96,3.12,-1.37,0.16
200502,1.89,-0.29,1.64,1.33,-0.06,0.16
200503,-1.97,-1.41,1.56,0.49,1.09,0.21
200504,-2.61,-4.04,-0.35,0.82,-0.89,0.21
200505,3.65,2.71,-0.83,-1.37,0.26,0.24
200506,0.57,3.28,2.62,1.14,-0.53,0.23
200507,3.92,2.79,-0.51,-1.43,-0.98,0.24
200508,-1.22,-0.88,1.27,-2.32,0.45,0.3
200509,0.49,-0.29,0.77,0.56,-0.57,0.29
200510,-2.02,-1.4,0.23,-0.59,-1.26,0.27
200511,3.61,0.79,-1.18,-0.68,-1.17,0.31
200512,-0.25,-0.25,0.44,0.29,0.21,0.32
200601,3.04,5.76,1.12,-0.97,-0.53,0.35
200602,-0.3,-0.42,-0.25,-0.51,2.03,0.34
200603,1.46,3.43,0.61,-0.24,-0.53,0.37
200604,0.73,-0.81,2.59,1.31,-0.2,0.36
200605,-3.57,-3.01,2.55,0.89,1.31,0.43
200606,-0.35,-0.23,0.87,1.41,-0.12,0.4
200607,-0.78,-3.67,2.94,1.74,0.93,0.4
200608,2.03,0.44,-1.72,-1.76,2.15,0.42
200609,1.84,-1.44,0.05,0.91,0.54,0.41
200610,3.23,1.92,-0.04,-0.29,0.24,0.41
200611,1.71,0.83,0.07,0.2,-0.87,0.42
200612,0.87,-0.8,3.16,-0.73,2.05,0.4
200701,1.4,0.06,-0.11,0.12,0.23,0.44
200702,-1.96,1.39,-0.09,-0.48,-0.75,0.38
200703,0.68,0.05,-0.22,0.19,-0.61,0.43
200704,3.49,-2.02,-1.15,0.95,1.01,0.44
200705,3.24,0.3,-0.05,1.24,-1.3,0.41
200706,-1.96,0.75,-1.13,0.41,0.07,0.4
200707,-3.73,-2.89,-3.34,0.45,-1.04,0.4
200708,0.92,-0.36,-2.24,-1.05,-0.55,0.42
200709,3.22,-2.42,-1.87,-0.51,-3.17,0.32
200710,1.8,0.03,-2.59,-0.2,-0.1,0.32
200711,-4.83,-2.85,-1.18,1.62,-0.33,0.34
200712,-0.87,0.19,-0.52,0.87,-1.09,0.27
200801,-6.36,-0.52,3.65,1.89,2.2,0.21
200802,-3.09,-0.49,-0.95,0.83,-1.07,0.13
200803,-0.93,0.7,-0.15,0.77,0.47,0.17
200804,4.6,-1.11,-0.96,1.64,-2.56,0.18
200805,1.86,3.23,-1.38,0.86,0.04,0.18
200806,-8.44,1.15,-2.43,4.39,-0.42,0.17
200807,-0.77,3.68,5.81,-0.95,1.07,0.15
200808,1.53,3.42,1.56,1.74,0.81,0.13
200809,-9.24,0.38,6.33,2.81,1.8,0.15
200810,-17.23,-3.22,-2.89,3.42,1.87,0.08
200811,-7.86,-3.87,-5.94,4.82,2.72,0.03
200812,1.74,3.37,-0.24,0.13,-1.38,0
200901,-8.12,-2.02,-11.1,0.38,-1.22,0
200902,-10.1,-1.15,-7.25,1.94,-1.14,0.01
200903,8.95,0.63,3.53,-2.44,-2.25,0.02
200904,10.19,6.71,5.46,0.25,0.17,0.01
200905,5.21,-2.35,-0.21,-1.18,-2.13,0
200906,0.43,2.32,-2.71,-0.92,-0.16,0.01
200907,7.72,2.48,5.28,-0.47,3.21,0.01
200908,3.33,-0.06,7.76,-3.05,3.19,0.01
200909,4.08,2.75,0.92,1.68,0.38,0.01
200910,-2.59,-4.76,-4.17,4.21,-1.67,0
200911,5.56,-2.79,-0.17,0.72,0.16,0
200912,2.75,6.27,0.01,0.73,-0.08,0.01
201001,-3.36,0.3,0.31,-1.32,0.44,0
201002,3.4,1.46,3.16,-0.46,1.4,0
201003,6.31,1.77,2.1,-0.62,1.71,0.01
201004,2,5.05,2.81,0.91,1.7,0.01
201005,-7.89,0.04,-2.38,1.08,-0.22,0.01
201006,-5.56,-2.51,-4.5,-0.18,-1.54,0.01
201007,6.93,0.07,-0.27,0.13,1.99,0.01
201008,-4.77,-3.13,-1.95,0.48,-1.7,0.01
201009,9.54,3.73,-3.12,-0.09,0.49,0.01
201010,3.88,0.79,-2.59,1.41,-0.22,0.01
201011,0.6,3.6,-0.9,0.3,1.63,0.01
201012,6.82,0.99,3.81,-3.53,3.22,0.01
201101,1.99,-2.41,0.81,-0.8,0.69,0.01
201102,3.49,1.64,1.09,-1.9,0.94,0.01
201103,0.45,2.66,-1.55,1.48,0,0.01
201104,2.9,-0.51,-2.51,1,-0.83,0
201105,-1.27,-0.69,-2.06,1.98,-1.49,0
201106,-1.75,0.09,-0.31,2.3,-1.46,0
201107,-2.36,-1.28,-1.23,2.6,-1.82,0
201108,-5.99,-3.21,-2.44,3.13,-0.21,0.01
201109,-7.59,-3.72,-1.46,2,0.24,0
201110,11.35,3.54,-0.17,-1.96,-0.87,0
201111,-0.28,-0.27,-0.35,1.7,1.53,0
201112,0.74,-0.45,1.74,0.89,2.39,0
201201,5.05,2.14,-1.09,-1.82,-1.4,0
201202,4.42,-1.62,0.09,-0.17,-0.06,0
201203,3.11,-0.46,0.87,-0.48,0.79,0
201204,-0.85,-0.58,-0.47,1.2,0.66,0
201205,-6.19,-0.08,-0.62,2.27,2.37,0.01
201206,3.89,0.95,0.44,-1.37,0.34,0
201207,0.79,-2.69,-0.25,0.77,0.12,0
201208,2.55,0.45,1.28,-1.34,-0.74,0.01
201209,2.73,0.69,1.52,-1.08,1.62,0.01
201210,-1.76,-0.81,3.79,-1.47,2.26,0.01
201211,0.78,0.32,-0.96,0.35,0.9,0.01
201212,1.18,1.9,3.55,-1.69,0.87,0.01
201301,5.57,0.52,0.92,-1.93,1.5,0
201302,1.29,-0.37,0,-0.59,0.46,0
201303,4.03,0.82,-0.26,0.3,1.35,0
201304,1.55,-2.3,0.59,0.18,0.44,0
201305,2.8,2.09,2.55,-1.69,-0.77,0
201306,-1.2,1.39,-0.19,-0.34,-0.06,0
201307,5.65,1.78,0.55,-1.55,0.54,0
201308,-2.71,0.01,-2.78,0.75,-2.16,0
201309,3.77,2.71,-1.18,-0.59,-1.29,0
201310,4.18,-1.48,1.15,2.92,0.91,0
201311,3.12,1.36,0.24,0.3,0.09,0
201312,2.81,-0.52,-0.3,-0.49,0.07,0
201401,-3.32,0.6,-2.08,-3.71,-1.35,0
201402,4.65,0.13,-0.39,-0.41,-0.44,0
201403,0.43,-1.18,5.09,1.99,1.9,0
201404,-0.19,-4.14,1.14,3.61,1.03,0
201405,2.06,-1.84,-0.26,0.33,-1.08,0
201406,2.61,3.08,-0.74,-1.9,-1.95,0
201407,-2.04,-4.25,0.01,1.01,0.48,0
201408,4.24,0.3,-0.57,-0.5,-0.65,0
201409,-1.97,-3.78,-1.22,0.96,-0.53,0
201410,2.52,3.78,-1.69,-0.65,-0.14,0
201411,2.55,-2.26,-2.99,1.45,0.2,0
201412,-0.06,2.84,2.07,-1.38,0.89,0
201501,-3.11,-0.86,-3.47,1.54,-1.68,0
201502,6.13,0.24,-1.77,-1.09,-1.69,0
201503,-1.12,3.08,-0.45,0.11,-0.53,0
201504,0.59,-3.02,1.85,0.03,-0.54,0
201505,1.36,0.82,-1.33,-1.83,-0.7,0
201506,-1.53,2.83,-0.81,0.37,-1.5,0
201507,1.54,-4.57,-4.14,-0.3,-2.61,0
201508,-6.04,0.4,2.69,0.63,1.25,0
201509,-3.08,-2.83,0.53,1.38,-0.52,0
201510,7.75,-2.16,-0.09,0.9,0.44,0
201511,0.56,3.36,-0.51,-2.75,-1.07,0
201512,-2.17,-2.98,-2.57,-0.04,0.12,0.01
201601,-5.77,-3.51,2.1,2.28,3.01,0.01
201602,-0.07,0.92,-0.48,3.22,2.12,0.02
201603,6.96,1.14,1.14,1.08,-0.01,0.02
201604,0.92,1.18,3.25,-2.98,1.94,0.01
201605,1.78,-0.71,-1.8,-1.23,-2.59,0.01
201606,-0.05,0.48,-1.49,1.12,1.93,0.02
201607,3.95,2.67,-1.13,1.59,-1.27,0.02
201608,0.5,1.72,3.34,-1.47,-0.35,0.02
201609,0.25,1.75,-1.49,-1.92,-0.04,0.02
201610,-2.02,-3.97,4.16,1.24,0.2,0.02
201611,4.86,6.81,8.27,-0.5,3.67,0.01
201612,1.82,0.39,3.61,0.98,-0.25,0.03
201701,1.94,-1.28,-2.68,0.13,-0.94,0.04
201702,3.57,-2.14,-1.79,0.62,-1.74,0.04
201703,0.17,0.81,-3.17,0.83,-1,0.03
201704,1.09,0.51,-1.91,2.13,-1.55,0.05
201705,1.06,-3.07,-3.75,1.32,-1.84,0.06
201706,0.78,2.46,1.32,-2.13,-0.06,0.06
201707,1.87,-1.59,-0.28,-0.58,-0.14,0.07
201708,0.17,-1.87,-2.26,0.44,-2.44,0.07
201709,2.51,4.81,3.04,-1.51,1.62,0.09
,,,,,,
Annual Factors: January-December,,,,,,
,Mkt-RF,SMB,HML,RMW,CMA,RF
1964,12.54,0.34,9.9,-2.87,6.84,3.54
1965,10.52,24.39,7.2,-1.52,-2.92,3.93
1966,-13.51,2.35,-0.64,0.9,-0.56,4.76
1967,24.49,50.41,-9.46,4.74,-15.41,4.21
1968,8.79,26.16,18.5,-13.6,16.16,5.21
1969,-17.54,-14.04,-9.81,10.85,-4.11,6.58
1970,-6.49,-12.42,22.34,-3.6,24.45,6.52
1971,11.78,5.65,-11.3,9.71,-5.86,4.39
1972,13.05,-11.42,1.75,7.71,-3.05,3.84
1973,-26.24,-20.01,18.17,-9.49,6.85,6.93
1974,-35.74,0.73,9.6,-3.89,22.8,8
1975,32.44,19.05,9.36,0.81,0.49,5.8
1976,21.9,19.91,24.5,-6.22,7.49,5.08
1977,-8.27,24.6,7.53,2.13,-0.34,5.12
1978,1.03,13.71,0.38,5.16,4.13,7.18
1979,13.08,21.46,-1.33,-1.97,-1.71,10.38
1980,22.12,4.87,-25.02,12.34,-11.35,11.24
1981,-18.13,7.45,25.01,-1.21,10.37,14.71
1982,10.66,7.35,13.49,-4.3,18.03,10.54
1983,13.75,11.81,20.88,0.13,16.42,8.8
1984,-6.06,-8.43,19.6,15.05,3.81,9.85
1985,24.91,-0.54,1.54,11.58,-2.46,7.72
1986,10.12,-10.35,9.58,7.42,9.85,6.16
1987,-3.87,-11.29,-1.65,5.91,6.66,5.47
1988,11.55,6.46,14.82,3.42,9.68,6.35
1989,20.49,-13.08,-4.28,2.36,8.16,8.37
1990,-13.95,-14.39,-9.72,7.04,0.61,7.81
1991,29.18,15.79,-14.48,11.68,-14.98,5.6
1992,6.23,9.1,24.28,7.43,6.99,3.51
1993,8.21,5.99,18.9,-7.68,12.02,2.9
1994,-4.1,-2.65,-0.73,5.15,3.93,3.9
1995,31.22,-8.33,5.17,1.43,2.84,5.6
1996,15.96,-2.81,6.11,15.01,0.54,5.21
1997,25.96,-6.18,17.53,9.82,5.25,5.26
1998,19.46,-28.68,-8.86,0.6,-4.59,4.86
1999,20.57,8.58,-31.7,-28.18,-8.28,4.68
2000,-17.59,4.25,39.7,26.93,32.65,5.89
2001,-15.2,23.74,19.48,19.69,11.82,3.83
2002,-22.76,5.85,7.46,20.39,14.47,1.65
2003,30.75,24.35,5.34,-20.79,17.35,1.02
2004,10.72,7.43,8.1,8.44,-7.92,1.2
2005,3.09,-0.79,8.26,1.72,-5.1,2.98
2006,10.6,1.55,14.1,2.52,8.17,4.8
2007,1.04,-8.08,-14.69,3.94,-7.82,4.66
2008,-38.34,3.39,0.81,15,4.13,1.6
2009,28.26,8.1,-9.16,3.57,-2.8,0.1
2010,17.37,13.24,-5.31,-1.95,9.83,0.12
2011,0.44,-5.73,-8.42,12.63,-1.01,0.04
2012,16.28,-0.04,9.68,-5.14,9.35,0.06
2013,35.2,7.89,1.35,-3.3,1.3,0.02
2014,11.7,-7.98,-1.58,1.11,-1.6,0.02
2015,0.07,-5.81,-9.56,-0.71,-8.58,0.02
2016,13.3,9.16,22.91,4.28,9.62,0.2